[
    {
      "id": 1,
      "name": "算盘",
      "version": "0.1",
      "manifest_version": 2,
      "description": "save images.",
      "icons": {
        "16": "icons/suanpan.png",
        "48": "icons/suanpan.png",
        "128": "icons/suanpan.png"
      },
      "splash_screen": {},
      "type": "suanpan",
      "spid": "1234",
      "home_url": "http://spnext.xuelangyun.com/",
      "widget_url": "",
      "permissions": []
    },
    {
      "id": 2,
      "name": "虎符",
      "version": "0.1",
      "manifest_version": 2,
      "description": "save images.",
      "icons": {
        "16": "icons/hufu.png",
        "48": "icons/hufu.png",
        "128": "icons/hufu.png"
      },
      "splash_screen": {},
      "type": "hufu",
      "spid": "1234",
      "home_url": "http://hufu.xuelangyun.com",
      "widget_url": "",
      "permissions": []
    },
    {
      "id": 3,
      "name": "河图",
      "version": "0.1",
      "manifest_version": 2,
      "description": "save images.",
      "icons": {
        "16": "icons/hetu.png",
        "48": "icons/hetu.png",
        "128": "icons/hetu.png"
      },
      "splash_screen": {},
      "type": "hetu",
      "spid": "1234",
      "home_url": "http://47.103.84.193:3000/#/dashboard/hetu",
      "widget_url": "",
      "permissions": []
    },
    {
      "id": 11,
      "name": "应用市场",
      "version": "0.1",
      "manifest_version": 2,
      "description": "save images.",
      "icons": {
        "16": "icons/app-store.png",
        "48": "icons/app-store.png",
        "128": "icons/app-store.png"
      },
      "splash_screen": {},
      "type": "app-store",
      "spid": "1234",
      "home_url": "https://cn.bing.com/",
      "widget_url": "",
      "permissions": []
    },
    {
      "id": 12,
      "name": "企业健康度",
      "version": "0.1",
      "manifest_version": 2,
      "description": "save images.",
      "icons": {
        "16": "icons/qiyejiankangdu.png",
        "48": "icons/qiyejiankangdu.png",
        "128": "icons/qiyejiankangdu.png"
      },
      "splash_screen": {},
      "type": "qiyejiankangdu",
      "spid": "1234",
      "home_url": "http://spnext.xuelangyun.com/proxr/shanglu/3903/38ab0e20901811e98ef98ffc89bb2ae6/7000/#/dashboard/hetu",
      "widget_url": "",
      "permissions": []
    },
    {
      "id": 13,
      "name": "数据指挥舱",
      "version": "0.1",
      "manifest_version": 2,
      "description": "save images.",
      "icons": {
        "16": "icons/shujuzhihuicang.png",
        "48": "icons/shujuzhihuicang.png",
        "128": "icons/shujuzhihuicang.png"
      },
      "splash_screen": {},
      "type": "shujuzhihuicang",
      "spid": "1234",
      "home_url": "http://spnext.xuelangyun.com/dashboard/shanglu/4160",
      "widget_url": "",
      "permissions": []
    },
    {
      "id": 14,
      "name": "设备智能运维",
      "version": "0.1",
      "manifest_version": 2,
      "description": "save images.",
      "icons": {
        "16": "icons/shebeyunwei.png",
        "48": "icons/shebeyunwei.png",
        "128": "icons/shebeyunwei.png"
      },
      "splash_screen": {},
      "type": "shebeyunwei",
      "spid": "1234",
      "home_url": "https://idm.xuelangyun.com/device/index.html",
      "widget_url": "",
      "permissions": []
    },
    {
      "id": 15,
      "name": "能效智能运维",
      "version": "0.1",
      "manifest_version": 2,
      "description": "save images.",
      "icons": {
        "16": "icons/nengxiaoyunwei.png",
        "48": "icons/nengxiaoyunwei.png",
        "128": "icons/nengxiaoyunwei.png"
      },
      "splash_screen": {},
      "type": "nengxiaoyunwei",
      "spid": "1234",
      "home_url": "http://www.hundunyun.com.cn/yun/#/login",
      "widget_url": "",
      "permissions": []
    },
    {
      "id": 16,
      "name": "异音检测",
      "version": "0.1",
      "manifest_version": 2,
      "description": "save images.",
      "icons": {
        "16": "icons/soundDetection.png",
        "48": "icons/soundDetection.png",
        "128": "icons/soundDetection.png"
      },
      "splash_screen": {},
      "type": "soundDetection",
      "spid": "1234",
      "home_url": "http://spnext.xuelangyun.com/dashboard/shanglu/4121",
      "widget_url": "",
      "permissions": []
    },
    {
      "id": 17,
      "name": "苹果分拣",
      "version": "0.1",
      "manifest_version": 2,
      "description": "save images.",
      "icons": {
        "16": "icons/pingguofenjian.png",
        "48": "icons/pingguofenjian.png",
        "128": "icons/pingguofenjian.png"
      },
      "splash_screen": {},
      "type": "pingguofenjian",
      "spid": "1234",
      "home_url": "http://spnext.xuelangyun.com/dashboard/shanglu/4010",
      "widget_url": "",
      "permissions": []
    }
]